name,is.nbreak,is.tfirst,is.tfirst.pknown,is.tfirst.pknown.offs,is.tfirst.offs,is.tfirst.big,is.slope.ma,is.slope.ma.prop,is.slope.ma.prop.lev,is.intlev.initlev,is.intlev.finallev,is.intlev.levd,is.intlev.levdprop
ratio_quantity.East of England,15,15,15,15,15,21,2.3983366568075445e-4,1.4422793904994293,0.5838614828013521,2.4560297590295825e-6,0.003288628147570792,-0.0032861721178117625,-1338.0017508868389
ratio_quantity.London,15,15,15,15,15,23,1.4613725860840974e-4,2.9297238251899484,0.5192971878323217,1.1349907142269556e-6,0.0019710297527655413,-0.0019698947620513142,-1735.6042982193148
ratio_quantity.Midlands,1,15,15,15,15,15,2.502357214160259e-4,0.9716689877450465,0.5333333333333333,7.296138272887531e-6,0.0037608319595132758,-0.0037535358212403883,-514.455137889661
ratio_quantity.North East and Yorkshire,1,15,15,15,15,15,2.446409320895641e-4,0.06676032975197219,0.5333333333333333,0.003419824671936861,0.0036644656040264252,-2.4464093208956435e-4,-0.07153610361872992
ratio_quantity.North West,4,15,15,15,15,22,2.402074432188011e-4,2.1410886141654344,0.5587353726675005,2.5723978983214388e-6,0.0034418741492373674,-0.003439301751339046,-1337.0022396547931
ratio_quantity.South East,3,15,15,15,15,16,2.620372122512298e-4,1.223289903685551,0.5630766381265966,3.5279155419788144e-6,0.003726462869803973,-0.0037229349542619943,-1055.278934533051
ratio_quantity.South West,3,14,14,14,14,16,2.799349273507301e-4,0.08365417896905414,0.5170717408111307,0.0031258730203236667,0.003787259689871592,-6.613866695479253e-4,-0.2115846245985521
