name,is.nbreak,is.tfirst,is.tfirst.pknown,is.tfirst.pknown.offs,is.tfirst.offs,is.tfirst.big,is.slope.ma,is.slope.ma.prop,is.slope.ma.prop.lev,is.intlev.initlev,is.intlev.finallev,is.intlev.levd,is.intlev.levdprop
ratio_quantity.East of England,1,18,18,18,18,18,2.3916346448287404e-6,0.5314952704722733,0.5185185185185185,2.108188359623574e-6,6.668232376999956e-5,-6.4574135410376e-5,-30.63015461384389
ratio_quantity.London,2,18,18,18,18,18,1.1906205251660277e-6,0.5234815903901504,0.5217998336286125,1.0838062111756629e-6,2.1619620973663675e-5,-2.0535814762488013e-5,-18.947865910651785
ratio_quantity.Midlands,2,17,17,17,17,17,3.1982800970797635e-6,0.44375256077335024,0.5243613056723968,4.00907007912194e-6,5.890351130187202e-5,-5.4894441222750075e-5,-13.692562150166495
ratio_quantity.North East and Yorkshire,2,17,17,17,17,17,4.307041180736935e-6,0.4508812641968965,0.5477138044484537,5.245454171689336e-6,8.388216454407283e-5,-7.86367103723835e-5,-14.991401659135645
ratio_quantity.North West,4,14,14,14,14,22,1.325715383055847e-5,2.8926528427653864,0.5824201450705236,2.311134564696767e-6,1.1612204875408489e-4,-1.1381091418938811e-4,-49.24460735773761
ratio_quantity.South East,1,16,16,16,16,16,1.641715535488547e-6,0.39157123154603474,0.5172413793103449,2.550920192643437e-6,5.01606707218113e-5,-4.7609750529167865e-5,-18.663755403430084
ratio_quantity.South West,1,3,3,3,3,3,2.5047082702927e-6,0.7498439982884083,0.5238095238095238,8.355975479974237e-7,1.0603334490029083e-4,-1.051977473522934e-4,-125.89523222561891
